file_path,source_category,site_or_institution,tomb_or_accession,original_filename,original_pixels,camera,capture_date,licence,credit_line,notes
02_museum_Cleveland_CC0/02-01.jpg,Museum open-access image,The Cleveland Museum of Art,1972.34,cleveland art museum 1972.34 -1.tif,5739x5530,-,,CC0 1.0 Universal (Open Access API: share_license_status=CC0),"The Cleveland Museum of Art, 1972.34. CC0 1.0 Universal (Public Domain Dedication).",Official museum photography
02_museum_Cleveland_CC0/02-02.jpg,Museum open-access image,The Cleveland Museum of Art,1972.34,cleveland art museum 1972.34 -2.jpg,1121x1080,-,,CC0 1.0 Universal (Open Access API: share_license_status=CC0),"The Cleveland Museum of Art, 1972.34. CC0 1.0 Universal (Public Domain Dedication).",Official museum photography
02_museum_Cleveland_CC0/02-03.jpg,Museum open-access image,The Cleveland Museum of Art,1995.281,cleveland art museum 1995.281 -1.tif,4500x4335,-,,CC0 1.0 Universal (Open Access API: share_license_status=CC0),"The Cleveland Museum of Art, 1995.281. CC0 1.0 Universal (Public Domain Dedication).",Official museum photography
02_museum_Cleveland_CC0/02-04.jpg,Museum open-access image,The Cleveland Museum of Art,1995.281,cleveland art museum 1995.281 -2.jpg,1110x1080,-,,CC0 1.0 Universal (Open Access API: share_license_status=CC0),"The Cleveland Museum of Art, 1995.281. CC0 1.0 Universal (Public Domain Dedication).",Official museum photography
03_museum_Harvard_no_permission_required/03-01.jpg,Museum open-access image,Harvard Art Museums,1943.52.143,harvard art museum guancang 1943.52.143.jpg,1024x825,-,,imagepermissionlevel = 0 (no permission required; object in public domain),"Harvard Art Museums/Arthur M. Sackler Museum, Bequest of Grenville L. Winthrop, 1943.52.143. Photo: President and Fellows of Harvard College.",Official museum photography
03_museum_Harvard_no_permission_required/03-02.jpg,Museum open-access image,Harvard Art Museums,1943.52.145,harvard art museum guancang 1943.52.145-1.jpg,2400x2000,-,,imagepermissionlevel = 0 (no permission required; object in public domain),"Harvard Art Museums/Arthur M. Sackler Museum, Bequest of Grenville L. Winthrop, 1943.52.145. Photo: President and Fellows of Harvard College.",Official museum photography
03_museum_Harvard_no_permission_required/03-03.jpg,Museum open-access image,Harvard Art Museums,1943.52.145,harvard art museum guancang 1943.52.145-2.jpg,1000x1500,-,,imagepermissionlevel = 0 (no permission required; object in public domain),"Harvard Art Museums/Arthur M. Sackler Museum, Bequest of Grenville L. Winthrop, 1943.52.145. Photo: President and Fellows of Harvard College.",Official museum photography
03_museum_Harvard_no_permission_required/03-04.jpg,Museum open-access image,Harvard Art Museums,1943.52.147,harvard art museum guancang 1943.52.147.jpg,2400x2359,-,,imagepermissionlevel = 0 (no permission required; object in public domain),"Harvard Art Museums/Arthur M. Sackler Museum, Bequest of Grenville L. Winthrop, 1943.52.147. Photo: President and Fellows of Harvard College.",Official museum photography
04_museum_NMAA_Smithsonian_CC0/04-01.jpg,Museum open-access image,"National Museum of Asian Art, Smithsonian Institution",FSC-B-44,freer gallery of art and arthur m. sackler gallery fsc-b-44.jpg,800x697,-,,CC0 (museum Image Services policy),"Courtesy of the National Museum of Asian Art, Smithsonian Institution, FSC-B-44. CC0.",Official museum photography
04_museum_NMAA_Smithsonian_CC0/04-02.jpg,Museum open-access image,"National Museum of Asian Art, Smithsonian Institution",RLS1997.48.4848,freer gallery of art and arthur m. sackler gallery rls1997.48.4848.jpg,800x788,-,,CC0 (museum Image Services policy),"Courtesy of the National Museum of Asian Art, Smithsonian Institution, RLS1997.48.4848. CC0.",Official museum photography
04_museum_NMAA_Smithsonian_CC0/04-03.jpg,Museum open-access image,"National Museum of Asian Art, Smithsonian Institution",F1974.120,freer gallery of art and arthur m. sackler gallery f1974.120.jpg,800x576,-,,CC0 (museum Image Services policy),"Courtesy of the National Museum of Asian Art, Smithsonian Institution, F1974.120. CC0.",Official museum photography
04_museum_NMAA_Smithsonian_CC0/04-04.jpg,Museum open-access image,"National Museum of Asian Art, Smithsonian Institution",RLS1997.48.4861,freer gallery of art and arthur m. sackler gallery rls1997.48.4861.jpg,800x807,-,,CC0 (museum Image Services policy),"Courtesy of the National Museum of Asian Art, Smithsonian Institution, RLS1997.48.4861. CC0.",Official museum photography
04_museum_NMAA_Smithsonian_CC0/04-05.jpg,Museum open-access image,"National Museum of Asian Art, Smithsonian Institution",S1993.5,freer gallery of art and arthur m. sackler gallery s1993.5.jpg,800x671,-,,CC0 (museum Image Services policy),"Courtesy of the National Museum of Asian Art, Smithsonian Institution, S1993.5. CC0.",Official museum photography
04_museum_NMAA_Smithsonian_CC0/04-06.jpg,Museum open-access image,"National Museum of Asian Art, Smithsonian Institution",S2012.9.2650,freer gallery of art and arthur m. sackler gallery s2012.9.2650.jpg,800x818,-,,CC0 (museum Image Services policy),"Courtesy of the National Museum of Asian Art, Smithsonian Institution, S2012.9.2650. CC0.",Official museum photography
